Workbook

Sheet Inicio_Guia
A1: Plantilla de verificación RV32I para core pipeline de 5 etapas con IF de 2 ciclos (BRAM síncrona)
A2: Objetivo | B2: Usar este Excel como plan maestro para verificar un core RV32I con pipeline IF/ID/EX/MEM/WB, considerando que IF tiene 2 ciclos efectivos por la latencia de 1 ciclo de la BRAM de instrucciones, y dejar lista la base para MMIO, periféricos, interrupciones y traps.
A3: Cómo usar | B3: 1) Completa la hoja Documentos_Entradas. 2) Ajusta la Matriz_RV32I a tu DUT. 3) Usa Pipeline_5Etapas y Hazards_Forwarding para validación microarquitectural. 4) Para este DUT considera IF1=generación de PC/dirección y IF2=retorno/alineación de instrucción desde BRAM. 5) Baja a escenarios, módulos y dashboard.
A4: Documentos mínimos recomendados
A5: ISA | B5: Subset exacto RV32I implementado, instrucciones no soportadas, política de accesos desalineados, semántica de ECALL/EBREAK/FENCE.
A6: Microarquitectura | B6: Block diagram del datapath y control, registros IF/ID/EX/MEM/WB, latencia de memorias, forwarding, stall, flush, reset/boot, writeback y ruta de PC redirect.
A7: Interfaz memoria | B7: Mapa de memoria, ROM/RAM/MMIO, latencia de lectura/escritura, byte enables, sign/zero extension, wait states y errores de bus.
A8: Control de hazards | B8: Matrices o diagramas de detección de RAW, load-use, control hazards, forwarding EX/MEM y MEM/WB, prioridades de stall vs flush.
A9: Traps / excepciones | B9: Illegal instruction, misaligned fetch/load/store, ecall/ebreak, mepc/mcause/mtval si existen, prioridad y retorno.
A10: Interrupciones futuras | B10: Fuentes, máscara/enable, pending, timer/software/external, latencia máxima, entrada al handler y retorno.
A11: MMIO / periféricos | B11: Memory map, registros, side effects, RO/RW/WO, bits W1C/W1S, reset values, temporización y handshakes.
A12: Evidencia / gráficos útiles | B12: Block diagram del core, cronograma del pipeline por instrucción, waveform de hazards, mapa de memoria, FSM de traps, tabla de cobertura por instrucción y por módulo.
A13: Siguiente paso / supuesto de timing | B13: Esta versión está adaptada a un pipeline de 5 etapas con fetch de 2 ciclos efectivos por BRAM síncrona: IF1 (PC/address) + IF2 (instr válida). EX/MEM/WB siguen modelados como 1 ciclo cada uno salvo que tu RAM de datos también añada latencia.

Sheet Documentos_Entradas
A1: DOC_ID | B1: Documento / gráfico requerido | C1: Categoría | D1: Obligatorio | E1: Disponible | F1: Versión | G1: Ubicación/Link | H1: Impacto en verificación | I1: Estado revisión | J1: Notas
A2: DOC-01 | B2: ISA subset RV32I implementado | C2: Especificación | D2: Sí | E2: No | H2: Define qué instrucciones, corner cases y traps se deben probar | I2: Pendiente
A3: DOC-02 | B3: Diagrama de bloques del core | C3: Arquitectura | D3: Sí | E3: No | H3: Permite mapear pruebas a módulos y rutas críticas | I3: Pendiente
A4: DOC-03 | B4: Cronograma pipeline IF/ID/EX/MEM/WB | C4: Pipeline | D4: Sí | E4: No | H4: Aclara dónde se observan resultados, stalls, flushes y wb | I4: Pendiente
A5: DOC-04 | B5: Tabla de hazards y forwarding | C5: Pipeline | D5: Sí | E5: No | H5: Base para pruebas RAW, load-use y control hazards | I5: Pendiente
A6: DOC-05 | B6: Especificación de PC redirect / branch / jump | C6: Control | D6: Sí | E6: No | H6: Valida branches, JAL, JALR y penalidad de control | I6: Pendiente
A7: DOC-06 | B7: Mapa de memoria ROM/RAM/MMIO | C7: Memoria | D7: Sí | E7: No | H7: Necesario para LSU, alineamiento y extensiones futuras | I7: Pendiente
A8: DOC-07 | B8: Especificación ROM/RAM/MMIO y latencias | C8: Memoria | D8: Sí | E8: No | H8: Define timing real en MEM y dependencias con stall | I8: Pendiente
A9: DOC-08 | B9: Plan de reset, boot y programa de arranque | C9: Integración | D9: Sí | E9: No | H9: Permite validar reset vector, primer fetch y estado inicial | I9: Pendiente
A10: DOC-09 | B10: Especificación traps/excepciones/CSR | C10: Excepciones | D10: No | E10: No | H10: Se usa al extender illegal/misaligned/ecall/ebreak | I10: Pendiente
A11: DOC-10 | B11: Especificación de interrupciones | C11: Interrupciones | D11: No | E11: No | H11: Se usa luego para timer/software/external IRQ | I11: Pendiente
A12: DOC-12 | B12: Diagrama IF1/IF2 por latencia de BRAM | C12: Pipeline | D12: Sí | E12: No | H12: Aclara la alineación PC vs instrucción y la penalidad real de fetch/redirect | I12: Pendiente
A13: DOC-13 | B13: Waveform de referencia de fetch con BRAM 1-cycle | C13: Evidencia | D13: Sí | E13: No | H13: Permite validar latency-align, flush y cancelación de wrong-path | I13: Pendiente

Sheet Matriz_RV32I
A1: Grupo | B1: Instrucción | C1: Formato | D1: Opcode | E1: Funct3 | F1: Funct7/Imm12 | G1: Chequeos clave | H1: Cobertura objetivo | I1: Test dirigido | J1: Test aleatorio | K1: Estado | L1: Módulo primario | M1: Prioridad | N1: Notas/Evidencia
A2: U | B2: LUI | C2: U | D2: 110111 | G2: Decode inmediato U + writeback | H2: Cobertura decode/opcode | I2: Caso dirigido | J2: Caso random | K2: No iniciado | L2: Decode/RegFile | M2: Alta
A3: U | B3: AUIPC | C3: U | D3: 10111 | G3: PC + immU | H3: Cobertura suma PC | I3: Caso dirigido | J3: Caso random | K3: No iniciado | L3: PC/ALU | M3: Alta
A4: J | B4: JAL | C4: J | D4: 1101111 | G4: Salto + link | H4: Cobertura salto tomado | I4: Caso dirigido | J4: Caso random | K4: No iniciado | L4: Jump/PC | M4: Alta
A5: I | B5: JALR | C5: I | D5: 1100111 | E5: 0 | G5: Salto indirecto + link + alineamiento | H5: Cobertura target | I5: Caso dirigido | J5: Caso random | K5: No iniciado | L5: Jump/PC | M5: Alta
A6: B | B6: BEQ | C6: B | D6: 1100011 | E6: 0 | G6: Branch equal tomado/no tomado | H6: Cobertura compare/taken | I6: Caso dirigido | J6: Caso random | K6: No iniciado | L6: Branch | M6: Alta
A7: B | B7: BNE | C7: B | D7: 1100011 | E7: 1 | G7: Branch not equal | H7: Cobertura compare/taken | I7: Caso dirigido | J7: Caso random | K7: No iniciado | L7: Branch | M7: Alta
A8: B | B8: BLT | C8: B | D8: 1100011 | E8: 100 | G8: Comparación signed < | H8: Cobertura signed compare | I8: Caso dirigido | J8: Caso random | K8: No iniciado | L8: Branch/ALU | M8: Alta
A9: B | B9: BGE | C9: B | D9: 1100011 | E9: 101 | G9: Comparación signed >= | H9: Cobertura signed compare | I9: Caso dirigido | J9: Caso random | K9: No iniciado | L9: Branch/ALU | M9: Alta
A10: B | B10: BLTU | C10: B | D10: 1100011 | E10: 110 | G10: Comparación unsigned < | H10: Cobertura unsigned compare | I10: Caso dirigido | J10: Caso random | K10: No iniciado | L10: Branch/ALU | M10: Alta
A11: B | B11: BGEU | C11: B | D11: 1100011 | E11: 111 | G11: Comparación unsigned >= | H11: Cobertura unsigned compare | I11: Caso dirigido | J11: Caso random | K11: No iniciado | L11: Branch/ALU | M11: Alta
A12: L | B12: LB | C12: I | D12: 11 | E12: 0 | G12: Load sign-extend byte | H12: Cobertura tamaño/sign extend | I12: Caso dirigido | J12: Caso random | K12: No iniciado | L12: LSU | M12: Alta
A13: L | B13: LH | C13: I | D13: 11 | E13: 1 | G13: Load sign-extend half | H13: Cobertura tamaño/sign extend | I13: Caso dirigido | J13: Caso random | K13: No iniciado | L13: LSU | M13: Alta
A14: L | B14: LW | C14: I | D14: 11 | E14: 10 | G14: Load word | H14: Cobertura tamaño word | I14: Caso dirigido | J14: Caso random | K14: No iniciado | L14: LSU | M14: Alta
A15: L | B15: LBU | C15: I | D15: 11 | E15: 100 | G15: Load zero-extend byte | H15: Cobertura zero extend | I15: Caso dirigido | J15: Caso random | K15: No iniciado | L15: LSU | M15: Alta
A16: L | B16: LHU | C16: I | D16: 11 | E16: 101 | G16: Load zero-extend half | H16: Cobertura zero extend | I16: Caso dirigido | J16: Caso random | K16: No iniciado | L16: LSU | M16: Alta
... A25: I-ALU | B25: ANDI | C25: I | D25: 10011 | E25: 111 | G25: AND inmediato | H25: Cobertura lógica | I25: Caso dirigido | J25: Caso random | K25: No iniciado | L25: ALU | M25: Media
A26: I-ALU | B26: SLLI | C26: I | D26: 10011 | E26: 1 | F26: 0 | G26: Shift left imm | H26: Cobertura shift amount | I26: Caso dirigido | J26: Caso random | K26: No iniciado | L26: ALU | M26: Media
A27: I-ALU | B27: SRLI | C27: I | D27: 10011 | E27: 101 | F27: 0 | G27: Shift right logical imm | H27: Cobertura shift amount | I27: Caso dirigido | J27: Caso random | K27: No iniciado | L27: ALU | M27: Media
A28: I-ALU | B28: SRAI | C28: I | D28: 10011 | E28: 101 | F28: 100000 | G28: Shift right arithmetic imm | H28: Cobertura shift/sign | I28: Caso dirigido | J28: Caso random | K28: No iniciado | L28: ALU | M28: Media
A29: R | B29: ADD | C29: R | D29: 110011 | E29: 0 | F29: 0 | G29: Suma registro | H29: Cobertura ALU/add | I29: Caso dirigido | J29: Caso random | K29: No iniciado | L29: ALU | M29: Alta
A30: R | B30: SUB | C30: R | D30: 110011 | E30: 0 | F30: 100000 | G30: Resta registro | H30: Cobertura ALU/sub | I30: Caso dirigido | J30: Caso random | K30: No iniciado | L30: ALU | M30: Alta
A31: R | B31: SLL | C31: R | D31: 110011 | E31: 1 | F31: 0 | G31: Shift left | H31: Cobertura shift amount | I31: Caso dirigido | J31: Caso random | K31: No iniciado | L31: ALU | M31: Media
A32: R | B32: SLT | C32: R | D32: 110011 | E32: 10 | F32: 0 | G32: Compare signed | H32: Cobertura signed compare | I32: Caso dirigido | J32: Caso random | K32: No iniciado | L32: ALU | M32: Media
A33: R | B33: SLTU | C33: R | D33: 110011 | E33: 11 | F33: 0 | G33: Compare unsigned | H33: Cobertura unsigned compare | I33: Caso dirigido | J33: Caso random | K33: No iniciado | L33: ALU | M33: Media
A34: R | B34: XOR | C34: R | D34: 110011 | E34: 100 | F34: 0 | G34: XOR registro | H34: Cobertura lógica | I34: Caso dirigido | J34: Caso random | K34: No iniciado | L34: ALU | M34: Media
A35: R | B35: SRL | C35: R | D35: 110011 | E35: 101 | F35: 0 | G35: Shift right logical | H35: Cobertura shift amount | I35: Caso dirigido | J35: Caso random | K35: No iniciado | L35: ALU | M35: Media
A36: R | B36: SRA | C36: R | D36: 110011 | E36: 101 | F36: 100000 | G36: Shift right arithmetic | H36: Cobertura shift/sign | I36: Caso dirigido | J36: Caso random | K36: No iniciado | L36: ALU | M36: Media
A37: R | B37: OR | C37: R | D37: 110011 | E37: 110 | F37: 0 | G37: OR registro | H37: Cobertura lógica | I37: Caso dirigido | J37: Caso random | K37: No iniciado | L37: ALU | M37: Media
A38: R | B38: AND | C38: R | D38: 110011 | E38: 111 | F38: 0 | G38: AND registro | H38: Cobertura lógica | I38: Caso dirigido | J38: Caso random | K38: No iniciado | L38: ALU | M38: Media
A39: SYS | B39: FENCE | C39: I | D39: 1111 | E39: 0 | G39: Ordenamiento / sin efecto visible si simple bus | H39: Cobertura decode | I39: Caso dirigido | J39: Placeholder futuro | K39: No iniciado | L39: Control/Bus | M39: Baja
A40: SYS | B40: ECALL | C40: I | D40: 1110011 | E40: 0 | F40: 0 | G40: Trap por llamada entorno | H40: Cobertura trap cause | I40: Caso dirigido | J40: Placeholder futuro | K40: No iniciado | L40: Trap | M40: Alta
A41: SYS | B41: EBREAK | C41: I | D41: 1110011 | E41: 0 | F41: 1 | G41: Trap por breakpoint | H41: Cobertura trap cause | I41: Caso dirigido | J41: Placeholder futuro | K41: No iniciado | L41: Trap | M41: Alta

Sheet Escenarios_Prueba
A1: TC_ID | B1: Módulo | C1: Área | D1: Escenario | E1: Precondición | F1: Estímulo | G1: Resultado esperado | H1: Tipo | I1: Automatización | J1: Estado | K1: Prioridad | L1: Observaciones
A2: TC-001 | B2: IF | C2: Reset/Boot | D2: PC arranca en reset_vector con BRAM 1-cycle | E2: reset activo | F2: liberar reset | G2: PC = reset_vector; la primera instrucción válida aparece 1 ciclo después de emitida la dirección | H2: Dirigido | I2: Sí | J2: No iniciado | K2: Crítica | L2: 10us – 11us (set - reset) | M2: PASS
A3: TC-002 | B3: IF | C3: Fetch | D3: Incremento secuencial de PC con IF1/IF2 | E3: programa lineal | F3: ejecutar N instrucciones | G3: La dirección avanza +4 en IF1 y la instrucción correspondiente aparece en IF2 al ciclo siguiente | H3: Dirigido | I3: Sí | J3: No iniciado | K3: Crítica
A4: TC-003 | B4: IF | C4: Latency align | D4: Alineación PC vs instrucción retornada por BRAM | E4: BRAM síncrona activa | F4: capturar pc_if1, instr_if2 | G4: La instrucción observada pertenece al PC emitido 1 ciclo antes | H4: Dirigido | I4: Sí | J4: No iniciado | K4: Crítica
A5: TC-004 | B5: IF/ID | C5: Pipeline reg | D5: Hold conserva IF/ID pese a latencia de fetch | E5: stall activo | F5: mantener 1-2 ciclos | G5: PC/instr en IF/ID no cambian y no se duplica/omite instrucción al reanudar | H5: Dirigido | I5: Sí | J5: No iniciado | K5: Alta
A6: TC-005 | B6: IF/ID | C6: Pipeline reg | D6: Flush inserta burbuja/NOP con wrong-path ya solicitado a BRAM | E6: redirect o flush activo | F6: forzar branch tomado | G6: ID recibe NOP o valid=0 según DUT; la instrucción retornada tarde por BRAM queda anulada | H6: Dirigido | I6: Sí | J6: No iniciado | K6: Crítica
A7: TC-006 | B7: Decode | C7: Illegal | D7: Opcode ilegal genera condición esperada | E7: inyectar instrucción reservada | F7: ejecutar palabra inválida | G7: flag/trap/error según DUT | H7: Dirigido | I7: Sí | J7: No iniciado | K7: Alta
A8: TC-007 | B8: RegFile | C8: Arquitectural | D8: x0 permanece en cero | E8: escrituras a x0 | F8: emitir múltiples writes | G8: x0 nunca cambia | H8: Assertion | I8: Sí | J8: No iniciado | K8: Crítica
A9: TC-008 | B9: ImmGen | C9: Inmediatos | D9: Sign extension correcta I/S/B/U/J | E9: vectores por formato | F9: aplicar instrucciones | G9: inmediato decodificado correctamente | H9: Dirigido | I9: Sí | J9: No iniciado | K9: Alta
A10: TC-009 | B10: ALU | C10: Shift | D10: SLL/SRL/SRA con shamt 0 y 31 | E10: operandos borde | F10: ejecutar shifts | G10: desplazamiento correcto | H10: Dirigido | I10: Sí | J10: No iniciado | K10: Alta
A11: TC-010 | B11: Branch | C11: Control | D11: BEQ/BNE tomado y no tomado | E11: pares de operandos | F11: ejecutar branches | G11: target o secuencia correcta | H11: Dirigido | I11: Sí | J11: No iniciado | K11: Alta
A12: TC-011 | B12: Jump | C12: Control | D12: JAL escribe link correcto | E12: programa con jal | F12: ejecutar jal | G12: rd = pc+4 y redirect correcto | H12: Dirigido | I12: Sí | J12: No iniciado | K12: Alta
A13: TC-012 | B13: Jump | C13: Control | D13: JALR alinea target | E13: rs1+imm con bit0=1 | F13: ejecutar jalr | G13: target[0]=0 | H13: Dirigido | I13: Sí | J13: No iniciado | K13: Alta
A14: TC-013 | B14: Hazard | C14: RAW | D14: Forwarding ALU->ALU | E14: secuencia dependiente | F14: ejecutar add/addi back-to-back | G14: sin stall, resultado correcto | H14: Dirigido | I14: Sí | J14: No iniciado | K14: Crítica
... A20: TC-019 | B20: Cobertura | C20: Regresión | D20: Smoke test RV32I | E20: programa corto mixto | F20: ejecutar regresión | G20: sin mismatches | H20: Regresión | I20: Sí | J20: No iniciado | K20: Crítica
A25: TC-001
B26: .section .text.start .globl _start _start: addi x1, x0, 1 done: jal x0, done
A40: TC-002
B41: .section .text.start .globl _start _start: addi x1, x0, 1 addi x2, x0, 2 addi x3, x0, 3 addi x4, x0, 4 addi x5, x0, 5 done: jal x0, done
A52: TC-003
B53: .section .text.start .globl _start _start: addi x1, x0, 10 addi x2, x0, 20 add x3, x1, x2 addi x4, x3, 1 done: jal x0, done
A62: TC-004
B63: .section .text.start .globl _start _start: addi x1, x0, 1 addi x2, x0, 2 addi x3, x0, 3 addi x4, x0, 4 done: jal x0, done

Sheet Cobertura_Modulos
A1: Módulo | B1: Descripción | C1: Tests planificados | D1: Tests completados | E1: % avance | F1: Estado | G1: Owner | H1: Notas
A2: IF | B2: Fetch, PC, reset vector, redirect | C2: 4 | D2: 0 | E2: 0 | F2: No iniciado
A3: IF/ID | B3: Registro de pipeline y flush/hold | C3: 2 | D3: 0 | E3: 0 | F3: No iniciado
A4: Decode | B4: Opcode/funct decode e instrucciones ilegales | C4: 2 | D4: 0 | E4: 0 | F4: No iniciado
A5: RegFile | B5: Lectura/escritura registros, x0 constante | C5: 1 | D5: 0 | E5: 0 | F5: No iniciado
A6: ImmGen | B6: Generación de inmediatos I/S/B/U/J | C6: 1 | D6: 0 | E6: 0 | F6: No iniciado
A7: ID/EX | B7: Registro de pipeline y bubble | C7: 1 | D7: 0 | E7: 0 | F7: No iniciado
A8: ALU/EX | B8: Aritmética, lógica, compares, shifts | C8: 3 | D8: 0 | E8: 0 | F8: No iniciado
A9: Branch/Jump | B9: Branches, JAL, JALR, redirect | C9: 4 | D9: 0 | E9: 0 | F9: No iniciado
A10: Hazard Unit | B10: RAW, load-use, stall/forwarding/flush | C10: 4 | D10: 0 | E10: 0 | F10: No iniciado
A11: EX/MEM | B11: Registro de pipeline | C11: 1 | D11: 0 | E11: 0 | F11: No iniciado
A12: LSU/MEM | B12: Loads, stores, be, sign/zero extension | C12: 3 | D12: 0 | E12: 0 | F12: No iniciado
A13: MEM/WB | B13: Registro de pipeline y wb_sel | C13: 2 | D13: 0 | E13: 0 | F13: No iniciado
... A18: Cobertura | B18: Regresión, coverage y cierre | C18: 2 | D18: 0 | E18: 0 | F18: No iniciado

Sheet Dashboard
A1: Dashboard de verificación RV32I - Pipeline 5 etapas | B1: Dashboard de verificación RV32I - Pipeline 5 etapas | C1: Dashboard de verificación RV32I - Pipeline 5 etapas | D1: Dashboard de verificación RV32I - Pipeline 5 etapas | E1: Dashboard de verificación RV32I - Pipeline 5 etapas | F1: Dashboard de verificación RV32I - Pipeline 5 etapas | G1: Dashboard de verificación RV32I - Pipeline 5 etapas | H1: Dashboard de verificación RV32I - Pipeline 5 etapas
A3: KPI | B3: Valor
A4: Total instrucciones RV32I | B4: =COUNTA(Matriz_RV32I!B2:B100) -> 40
A5: Instrucciones completadas | B5: =COUNTIF(Matriz_RV32I!K2:K100,"Completado") -> 0
A6: Avance RV32I | B6: =IFERROR(B5/B4,0) -> 0
A7: Avance módulos | B7: =IFERROR(COUNTIF(Cobertura_Modulos!F2:F100,"Completado")/COUNTIF(Cobertura_Modulos!F2:F100,"<>N/A"),0) -> 0
A8: Hazards cerrados | B8: =COUNTIF(Hazards_Forwarding!L2:L100,"Completado") -> 0
A9: Escenarios cerrados | B9: =COUNTIF(Escenarios_Prueba!J2:J106,"Completado") -> 0
A10: Estado | B10: Cantidad | D10: Módulo | E10: % avance | F10: Completados/Plan
A11: No iniciado | B11: =COUNTIF(Matriz_RV32I!K2:K100,"No iniciado") -> 40 | D11: IF | E11: =IFERROR(INDEX(Cobertura_Modulos!E:E,MATCH(D11,Cobertura_Modulos!A:A,0)),0) -> 0 | F11: =IFERROR(INDEX(Cobertura_Modulos!D:D,MATCH(D11,Cobertura_Modulos!A:A,0)),0)&"/"&IFERROR(INDEX(Cobertura_Modulos!C:C,MATCH(D11,Cobertura_Modulos!A:A,0)),0) -> 0/4
A12: En progreso | B12: =COUNTIF(Matriz_RV32I!K2:K100,"En progreso") -> 0 | D12: IF/ID | E12: =IFERROR(INDEX(Cobertura_Modulos!E:E,MATCH(D12,Cobertura_Modulos!A:A,0)),0) -> 0 | F12: =IFERROR(INDEX(Cobertura_Modulos!D:D,MATCH(D12,Cobertura_Modulos!A:A,0)),0)&"/"&IFERROR(INDEX(Cobertura_Modulos!C:C,MATCH(D12,Cobertura_Modulos!A:A,0)),0) -> 0/2
A13: Bloqueado | B13: =COUNTIF(Matriz_RV32I!K2:K100,"Bloqueado") -> 0 | D13: Decode | E13: =IFERROR(INDEX(Cobertura_Modulos!E:E,MATCH(D13,Cobertura_Modulos!A:A,0)),0) -> 0 | F13: =IFERROR(INDEX(Cobertura_Modulos!D:D,MATCH(D13,Cobertura_Modulos!A:A,0)),0)&"/"&IFERROR(INDEX(Cobertura_Modulos!C:C,MATCH(D13,Cobertura_Modulos!A:A,0)),0) -> 0/2
A14: Completado | B14: =COUNTIF(Matriz_RV32I!K2:K100,"Completado") -> 0 | D14: RegFile | E14: =IFERROR(INDEX(Cobertura_Modulos!E:E,MATCH(D14,Cobertura_Modulos!A:A,0)),0) -> 0 | F14: =IFERROR(INDEX(Cobertura_Modulos!D:D,MATCH(D14,Cobertura_Modulos!A:A,0)),0)&"/"&IFERROR(INDEX(Cobertura_Modulos!C:C,MATCH(D14,Cobertura_Modulos!A:A,0)),0) -> 0/1
A15: N/A | B15: =COUNTIF(Matriz_RV32I!K2:K100,"N/A") -> 0 | D15: ImmGen | E15: =IFERROR(INDEX(Cobertura_Modulos!E:E,MATCH(D15,Cobertura_Modulos!A:A,0)),0) -> 0 | F15: =IFERROR(INDEX(Cobertura_Modulos!D:D,MATCH(D15,Cobertura_Modulos!A:A,0)),0)&"/"&IFERROR(INDEX(Cobertura_Modulos!C:C,MATCH(D15,Cobertura_Modulos!A:A,0)),0) -> 0/1
A16: Docs | B16: Cantidad | D16: ID/EX | E16: =IFERROR(INDEX(Cobertura_Modulos!E:E,MATCH(D16,Cobertura_Modulos!A:A,0)),0) -> 0 | F16: =IFERROR(INDEX(Cobertura_Modulos!D:D,MATCH(D16,Cobertura_Modulos!A:A,0)),0)&"/"&IFERROR(INDEX(Cobertura_Modulos!C:C,MATCH(D16,Cobertura_Modulos!A:A,0)),0) -> 0/1
A17: Obligatorios | B17: =COUNTIF(Documentos_Entradas!D2:D100,"Sí") -> 10 | D17: ALU/EX | E17: =IFERROR(INDEX(Cobertura_Modulos!E:E,MATCH(D17,Cobertura_Modulos!A:A,0)),0) -> 0 | F17: =IFERROR(INDEX(Cobertura_Modulos!D:D,MATCH(D17,Cobertura_Modulos!A:A,0)),0)&"/"&IFERROR(INDEX(Cobertura_Modulos!C:C,MATCH(D17,Cobertura_Modulos!A:A,0)),0) -> 0/3
A18: Obligatorios completos | B18: =COUNTIFS(Documentos_Entradas!D2:D100,"Sí",Documentos_Entradas!I2:I100,"Completo") -> 0 | D18: Branch/Jump | E18: =IFERROR(INDEX(Cobertura_Modulos!E:E,MATCH(D18,Cobertura_Modulos!A:A,0)),0) -> 0 | F18: =IFERROR(INDEX(Cobertura_Modulos!D:D,MATCH(D18,Cobertura_Modulos!A:A,0)),0)&"/"&IFERROR(INDEX(Cobertura_Modulos!C:C,MATCH(D18,Cobertura_Modulos!A:A,0)),0) -> 0/4
A19: Extensiones futuras | B19: =COUNTA(MMIO_Interrupts_Traps!A2:A100) -> 10 | D19: Hazard Unit | E19: =IFERROR(INDEX(Cobertura_Modulos!E:E,MATCH(D19,Cobertura_Modulos!A:A,0)),0) -> 0 | F19: =IFERROR(INDEX(Cobertura_Modulos!D:D,MATCH(D19,Cobertura_Modulos!A:A,0)),0)&"/"&IFERROR(INDEX(Cobertura_Modulos!C:C,MATCH(D19,Cobertura_Modulos!A:A,0)),0) -> 0/4
A20: Extensiones completadas | B20: =COUNTIF(MMIO_Interrupts_Traps!J2:J100,"Completado") -> 0 | D20: LSU/MEM | E20: =IFERROR(INDEX(Cobertura_Modulos!E:E,MATCH(D20,Cobertura_Modulos!A:A,0)),0) -> 0 | F20: =IFERROR(INDEX(Cobertura_Modulos!D:D,MATCH(D20,Cobertura_Modulos!A:A,0)),0)&"/"&IFERROR(INDEX(Cobertura_Modulos!C:C,MATCH(D20,Cobertura_Modulos!A:A,0)),0) -> 0/3
A21: Avance extensiones | B21: =IFERROR(B20/B19,0) -> 0 | D21: MEM/WB | E21: =IFERROR(INDEX(Cobertura_Modulos!E:E,MATCH(D21,Cobertura_Modulos!A:A,0)),0) -> 0 | F21: =IFERROR(INDEX(Cobertura_Modulos!D:D,MATCH(D21,Cobertura_Modulos!A:A,0)),0)&"/"&IFERROR(INDEX(Cobertura_Modulos!C:C,MATCH(D21,Cobertura_Modulos!A:A,0)),0) -> 0/2
D22: Trap/CSR | E22: =IFERROR(INDEX(Cobertura_Modulos!E:E,MATCH(D22,Cobertura_Modulos!A:A,0)),0) -> 0 | F22: =IFERROR(INDEX(Cobertura_Modulos!D:D,MATCH(D22,Cobertura_Modulos!A:A,0)),0)&"/"&IFERROR(INDEX(Cobertura_Modulos!C:C,MATCH(D22,Cobertura_Modulos!A:A,0)),0) -> 0/2
D23: Cobertura | E23: =IFERROR(INDEX(Cobertura_Modulos!E:E,MATCH(D23,Cobertura_Modulos!A:A,0)),0) -> 0 | F23: =IFERROR(INDEX(Cobertura_Modulos!D:D,MATCH(D23,Cobertura_Modulos!A:A,0)),0)&"/"&IFERROR(INDEX(Cobertura_Modulos!C:C,MATCH(D23,Cobertura_Modulos!A:A,0)),0) -> 0/2

Sheet MMIO_Interrupts_Traps
A1: EXT_ID | B1: Feature | C1: Subfeature | D1: Descripción | E1: Dependencia doc | F1: Módulo | G1: Tests planificados | H1: Tests completados | I1: % avance | J1: Estado | K1: Notas
A2: EXT-001 | B2: MMIO | C2: Memory map | D2: Validar decode de regiones MMIO vs RAM/ROM | E2: DOC-07 | F2: MMIO | G2: 4 | H2: 0 | I2: =IF(G2=0,0,H2/G2) -> 0 | J2: No iniciado
A3: EXT-002 | B3: MMIO | C3: Read/write regs | D3: Acceso RO/RW/WO y side effects | E3: DOC-07 | F3: MMIO | G3: 8 | H3: 0 | I3: =IF(G3=0,0,H3/G3) -> 0 | J3: No iniciado
A4: EXT-003 | B4: MMIO | C4: Reset values | D4: Valores por reset y sticky bits | E4: DOC-07 | F4: MMIO | G4: 4 | H4: 0 | I4: =IF(G4=0,0,H4/G4) -> 0 | J4: No iniciado
A5: EXT-004 | B5: Interrupt | C5: External IRQ | D5: Entrada, enable/mask, pending, acknowledge | E5: DOC-08 | F5: Interrupt | G5: 8 | H5: 0 | I5: =IF(G5=0,0,H5/G5) -> 0 | J5: No iniciado
A6: EXT-005 | B6: Interrupt | C6: Timer IRQ | D6: Generación y latencia de interrupción por timer | E6: DOC-08 | F6: Interrupt | G6: 6 | H6: 0 | I6: =IF(G6=0,0,H6/G6) -> 0 | J6: No iniciado
A7: EXT-006 | B7: Interrupt | C7: Software IRQ | D7: Set/clear y servicio | E7: DOC-08 | F7: Interrupt | G7: 4 | H7: 0 | I7: =IF(G7=0,0,H7/G7) -> 0 | J7: No iniciado
A8: EXT-007 | B8: Trap | C8: Illegal instruction | D8: Cause code y EPC | E8: DOC-09 | F8: Trap | G8: 4 | H8: 0 | I8: =IF(G8=0,0,H8/G8) -> 0 | J8: No iniciado
A9: EXT-008 | B9: Trap | C9: Misaligned access | D9: Load/store address misaligned | E9: DOC-09 | F9: Trap | G9: 6 | H9: 0 | I9: =IF(G9=0,0,H9/G9) -> 0 | J9: No iniciado
A10: EXT-009 | B10: Trap | C10: Nested/priority | D10: Priorización entre eventos y nesting | E10: DOC-09 | F10: Trap | G10: 6 | H10: 0 | I10: =IF(G10=0,0,H10/G10) -> 0 | J10: No iniciado
A11: EXT-010 | B11: Trap | C11: Return | D11: Retorno de trap y restauración de contexto | E11: DOC-09 | F11: Trap | G11: 4 | H11: 0 | I11: =IF(G11=0,0,H11/G11) -> 0 | J11: No iniciado

Sheet Listas
A1: Estado | B1: Prioridad | C1: Tipo_Test | D1: Automatizacion
A2: No iniciado | B2: Alta | C2: Dirigido | D2: Sí
A3: En progreso | B3: Media | C3: Aleatorio | D3: No
A4: Bloqueado | B4: Baja | C4: Regresión | D4: Parcial
A5: Completado | B5: Crítica | C5: Cobertura
A6: N/A | C6: Assertion
C7: Formal
C8: Placeholder futuro

Sheet Pipeline_5Etapas
A1: Etapa | B1: Objetivo funcional | C1: Entradas clave | D1: Salidas clave | E1: Checks obligatorios | F1: Señales a observar | G1: Assertions sugeridas | H1: Cobertura | I1: Estado | J1: Owner | K1: Notas
A2: IF (2 ciclos efectivos) | B2: Fetch y generación de PC con BRAM síncrona de 1 ciclo | C2: pc, pc_en, pc_redirect_valid, pc_redirect_target, reset, instr_bram | D2: pc_if1, addr_if1, instr_if2, pc_if2, pc_plus4_if2 | E2: reset vector, secuencia PC+4, hold/stall, redirect correcto, alineación PC↔instr por latencia BRAM | F2: pc, pc_next, instr_bram, instr_fetch, valid_if, addr_rom | G2: PC estable durante stall; la instrucción observada en IF2 corresponde al PC emitido 1 ciclo antes | H2: reset, secuencial, redirect, latency-align | I2: No iniciado | K2: Modelar IF1=emisión de dirección y IF2=recepción de instrucción
A3: ID | B3: Decode y lectura de registros | C3: instr_id, pc_id, rs1, rs2, rd, control decode | D3: imm, ctrl, rs1_data, rs2_data | E3: decode correcto, x0 fijo, inmediatos, illegal detect | F3: opcode, funct3, funct7, imm, rs1_data, rs2_data | G3: x0 siempre 0; decode legal coincide con opcode | H3: decode por formato | I3: No iniciado
A4: EX | B4: ALU, branch y cálculo de target | C4: op_a, op_b, alu_op, branch inputs, jal/jalr | D4: alu_result, branch_taken, pc_redirect_target | E4: ALU correcta, compare signed/unsigned, target de salto correcto | F4: alu_a, alu_b, alu_result, branch_taken | G4: resultado ALU correcto; redirect válido solo cuando corresponde | H4: ALU + control | I4: No iniciado
A5: MEM | B5: Acceso a memoria / load-store | C5: addr, wdata, mem_re, mem_we, size, unsigned | D5: rdata, be, side effects | E5: byte enables, sign/zero extension, alineamiento, latencia | F5: dmem_addr, dmem_wdata, dmem_rdata, be | G5: be correcto por tamaño y addr[1:0] | H5: LSU | I5: No iniciado
A6: WB | B6: Escritura arquitectural | C6: wb_sel, rd_we, rd, wb_data | D6: regfile write | E6: rd_data correcto, rd_we correcto, x0 no cambia | F6: rd, rd_we, wb_data | G6: si rd=0 nunca modifica x0 | H6: writeback | I6: No iniciado
A7: IF/ID | B7: Registro de pipeline | C7: if_valid, if_pc, if_instr, hold/flush | D7: id_valid, id_pc, id_instr | E7: hold conserva, flush inserta burbuja/NOP | F7: if_id_* | G7: flush domina sobre capture según arquitectura | H7: pipeline regs | I7: No iniciado
A8: ID/EX | B8: Registro de pipeline | C8: id payload | D8: ex payload | E8: bubble válida, señales limpias en flush | F8: id_ex_* | G8: flush genera control nulo | H8: pipeline regs | I8: No iniciado
A9: EX/MEM | B9: Registro de pipeline | C9: ex payload | D9: mem payload | E9: propagación de resultado/control | F9: ex_mem_* | G9: resultado de EX llega íntegro a MEM | H9: pipeline regs | I9: No iniciado
A10: MEM/WB | B10: Registro de pipeline | C10: mem payload | D10: wb payload | E10: propagación final hacia regfile | F10: mem_wb_* | G10: dato de WB coincide con fuente seleccionada | H10: pipeline regs | I10: No iniciado
A11: Control global | B11: Arbitraje stall/flush/valid incluyendo penalidad de fetch | C11: hazard detect, redirect, exceptions, bram latency | D11: hold, flush, valid progression | E11: prioridad correcta entre eventos y cancelación de instrucciones en vuelo en IF/ID | F11: stall, flush, valid_*, pc_redirect_valid, instr_valid_delayed | G11: no avanza instrucción inválida; flush mata wrong-path aunque la BRAM entregue dato 1 ciclo después | H11: control | I11: No iniciado
A12: Convención de evidencia | B12: Qué guardar | C12: waveforms, asm, expected | D12: captura y log | E12: guardar caso, ciclo clave y expected | F12: capturas etiquetadas | G12: n/a | H12: n/a | I12: Activo | K12: Usa una fila por bug o corner case cerrado

Sheet Hazards_Forwarding
A1: HZ_ID | B1: Tipo | C1: Escenario | D1: Secuencia ASM mínima | E1: Riesgo | F1: Mecanismo esperado | G1: Etapa donde se detecta | H1: Etapa donde se resuelve | I1: Señales a observar | J1: Resultado esperado | K1: Prioridad | L1: Estado
A2: HZ-001 | B2: RAW | C2: ADD seguido de uso inmediato | D2: addi x1,x0,9 ; add x2,x1,x1 | E2: dato aún no escrito en regfile | F2: forwarding EX/MEM o MEM/WB | G2: EX | H2: EX | I2: forward_a, forward_b, alu_a, alu_b | J2: ALU ve 9 y 9 aunque regfile aún no tenga x1 | K2: Crítica | L2: No iniciado
A3: HZ-002 | B3: RAW | C3: ADDI seguido de ADDI dependiente | D3: addi x1,x0,5 ; addi x2,x1,1 | E3: dependencia rs1 | F3: forwarding | G3: EX | H3: EX | I3: forward_a, alu_a | J3: resultado x2=6 sin stall | K3: Alta | L3: No iniciado
A4: HZ-003 | B4: Load-use | C4: LW seguido de ALU dependiente | D4: lw x1,0(x2) ; add x3,x1,x4 | E4: dato disponible tarde | F4: stall + bubble | G4: ID/EX o hazard unit | H4: MEM/WB hacia EX | I4: stall, hold_if, flush_id_ex | J4: se inserta 1 burbuja y luego dato correcto | K4: Crítica | L4: No iniciado
A5: HZ-004 | B5: Control | C5: Branch tomado con BRAM 1-cycle | D5: beq x1,x2,target | E5: instrucciones wrong-path ya solicitadas a BRAM | F5: flush + pc_redirect + anulación de dato tardío | G5: EX | H5: IF/ID | I5: branch_taken, pc_redirect_valid, flush, instr_valid_delayed | J5: wrong-path anulada y PC salta a target aunque BRAM entregue una instrucción vieja 1 ciclo después | K5: Crítica | L5: No iniciado
A6: HZ-005 | B6: Control | C6: JAL con BRAM 1-cycle | D6: jal x1,target | E6: redirección de PC + link + instrucción en vuelo | F6: flush + wb pc+4 | G6: EX | H6: IF/ID/WB | I6: pc_redirect_valid, pc_redirect_target, wb_data, if_valid | J6: rd recibe pc+4 y la instrucción tardía de BRAM no contamina ID | K6: Alta | L6: No iniciado
A7: HZ-006 | B7: Control | C7: JALR con BRAM 1-cycle | D7: jalr x1,x2,imm | E7: target indirecto, alineado y fetch especulativo previo | F7: flush + mask bit0 | G7: EX | H7: IF/ID/WB | I7: pc_redirect_target, wb_data, flush | J7: target=(rs1+imm)&~1 y se anula el wrong-path | K7: Alta | L7: No iniciado
A8: HZ-007 | B8: Structural | C8: Fetch BRAM latency align | D8: addi x1,x0,1 ; addi x2,x0,2 | E8: desfase PC vs instrucción | F8: registro/alineador IF o valid retrasado | G8: IF | H8: IF/ID | I8: pc_if1, instr_if2, valid_if2 | J8: cada instrucción queda asociada a su PC correcto | K8: Crítica | L8: No iniciado
A9: HZ-008 | B9: Structural | C9: Memoria con latencia | D9: back-to-back access | E9: latencia de RAM/ROM | F9: hold o protocolo definido | G9: MEM/IF | H9: según diseño | I9: ready/valid o wait signals | J9: sin corrupción de pipeline | K9: Media | L9: No iniciado
